Crime ID,Month,Longitude,Latitude,Location,Crime type,Last outcome category,Distance (Km)
15d83c13bc40ae0e323c3df8360a6bea8bf04494bf9453d765f37173d5f8e481,2019-04,-3.502672,50.701682,On or near Mill Road,Vehicle crime,Investigation complete; no suspect identified,0.068
b832fdbeca2fe7ff9bf13a2862e3663b7c93fc26c1f4e8c2bfca2489dd15bc21,2019-10,-3.501686,50.700966,On or near Lime Kiln Lane,Criminal damage and arson,Investigation complete; no suspect identified,0.167
dded256fd23a2efda7f28e3a13352d44e9762d610fb0f37645c136efceabe852,2019-01,-3.500438,50.703114,On or near Headon Gardens,Vehicle crime,Investigation complete; no suspect identified,0.19
,2019-01,-3.500029,50.702273,On or near Exe Vale Road,Anti-social behaviour,,0.196
6465b2fac98f0553dccc18d3c4c936755b1aadc9ba4b6098eaa9bf2839b7c2e9,2019-01,-3.500029,50.702273,On or near Exe Vale Road,Other theft,Investigation complete; no suspect identified,0.196
0d93d75ede1973ca5c1ffa530ef942e6a69a63cd015f6a0899bf857ca0da9084,2019-01,-3.500029,50.702273,On or near Exe Vale Road,Violence and sexual offences,Status update unavailable,0.196
23633d4932edf54bdd631a615445569fb7056ec5dcf7f3e256184bf6b8d7e0c6,2019-01,-3.500029,50.702273,On or near Exe Vale Road,Violence and sexual offences,Status update unavailable,0.196
b16adf776235993003cbf99b521254f8dd7f324f4fe04808b8b51a63bb43cfd0,2019-02,-3.500029,50.702273,On or near Exe Vale Road,Other theft,Investigation complete; no suspect identified,0.196
7bc4b9139e9c51991a2d167c7c22642fc552d60392e39a008e72d35c733d4c15,2019-07,-3.500029,50.702273,On or near Exe Vale Road,Public order,Status update unavailable,0.196
,2019-08,-3.500029,50.702273,On or near Exe Vale Road,Anti-social behaviour,,0.196
,2019-08,-3.500029,50.702273,On or near Exe Vale Road,Anti-social behaviour,,0.196
,2019-08,-3.500029,50.702273,On or near Exe Vale Road,Anti-social behaviour,,0.196
,2019-08,-3.500029,50.702273,On or near Exe Vale Road,Anti-social behaviour,,0.196
,2019-08,-3.500029,50.702273,On or near Exe Vale Road,Anti-social behaviour,,0.196
e673f65d68a654875e631a5af027dc57131700d5502b75cddf9e50c9e5ab9f1f,2019-12,-3.500029,50.702273,On or near Exe Vale Road,Violence and sexual offences,Under investigation,0.196
bada5230e6ea9cf16db4bb2819e3d4b6dacd4afabf5884fa1a00a86f4d6c5630,2019-04,-3.501266,50.703768,On or near School Lane,Bicycle theft,Investigation complete; no suspect identified,0.197
,2019-06,-3.501266,50.703768,On or near School Lane,Anti-social behaviour,,0.197
0cec903949ba84287d04e3918d800c364df9dfb676f3724046d081ae33dd7636,2019-11,-3.501266,50.703768,On or near School Lane,Vehicle crime,Investigation complete; no suspect identified,0.197
f09c846417e2c561b7d12cf3026172c863968c6990481a361a9e68904d4a92e0,2019-03,-3.501060,50.699967,On or near Countess Wear Road,Burglary,Unable to prosecute suspect,0.286
d0679da1feb4c530cef68f9336d143c577b4aca6b687619b272b3a9a112539e9,2019-03,-3.501060,50.699967,On or near Countess Wear Road,Violence and sexual offences,Unable to prosecute suspect,0.286
f0ae9874ab268ccbcd41e70100efd4b45b3c853c5391d12835f8f9b3852ebe44,2019-05,-3.501060,50.699967,On or near Countess Wear Road,Criminal damage and arson,Investigation complete; no suspect identified,0.286
57937828aadcb40f2a3c45b9e8c8d8bb0313185363458ce6f4d815f672b88eba,2019-05,-3.498322,50.703806,On or near Topsham Road,Other theft,Investigation complete; no suspect identified,0.358
d698cdc60c0129be7c5341991fc35a7e447168b0de34197dd79e5dfa08f8d263,2019-11,-3.498322,50.703806,On or near Topsham Road,Public order,Under investigation,0.358
82692e0d82f580e56ea300dee24ceee3801af123e85a42c8691cdd64bee2062a,2019-02,-3.497869,50.703380,On or near Topsham Road,Violence and sexual offences,Unable to prosecute suspect,0.368
214e2ca69c99acb403e7a175aecb6e4fef2cc10b7486a5b89c468254c37b7e52,2019-03,-3.503306,50.706008,On or near Topsham Road,Vehicle crime,Investigation complete; no suspect identified,0.415
,2019-07,-3.503306,50.706008,On or near Topsham Road,Anti-social behaviour,,0.415
1f86d967f88030b0d5685b263b7fed84a6626303616147bff7efc06f78394ea1,2019-05,-3.495884,50.701985,On or near Topsham Road,Violence and sexual offences,Investigation complete; no suspect identified,0.489
a2e3f95061243e7fb136df6888cc914bcd6d6cd2660d9223842e301a0dc4e0b9,2019-06,-3.495884,50.701985,On or near Topsham Road,Violence and sexual offences,Unable to prosecute suspect,0.489
99e0c946ecfe525d8d4cb1adc8f62b2f4007bfdc595a34abbc03900885b997be,2019-12,-3.495884,50.701985,On or near Topsham Road,Violence and sexual offences,Under investigation,0.489
b16c3b29d7bff11ea3ff2d7962cebacb70eee2c87585dafc1cc957186757f385,2019-02,-3.503046,50.706740,On or near Sports/Recreation Area,Violence and sexual offences,Unable to prosecute suspect,0.495
681ed79924906521a79ea5f832007ee5d9e8e730b103645c653e5dfa74a2476b,2019-01,-3.509276,50.704474,On or near Sports/Recreation Area,Vehicle crime,Investigation complete; no suspect identified,0.516
a57f3375fb64f4c96065e46abe04e4ac1a2ef64420e8c031cf32aa7d9f9a3c5b,2019-03,-3.497874,50.705755,On or near Bishop Westall Road,Violence and sexual offences,Unable to prosecute suspect,0.519
2abba6c3196fce5ad3ff0be2f573c942a92854f1dc2eb61ace06fbd4851e1b28,2019-08,-3.497874,50.705755,On or near Bishop Westall Road,Violence and sexual offences,Under investigation,0.519
992ef4c8582207744600872d4a826c3864ec8e7f44780df244c984f512120697,2019-02,-3.498698,50.706275,On or near Sports/Recreation Area,Public order,Investigation complete; no suspect identified,0.529
,2019-06,-3.498698,50.706275,On or near Sports/Recreation Area,Anti-social behaviour,,0.529
,2019-06,-3.498698,50.706275,On or near Sports/Recreation Area,Anti-social behaviour,,0.529
2e8bd063cfa6b31944acbd3cbd22681a33de5386e786e2976d98efa8daf16461,2019-06,-3.498698,50.706275,On or near Sports/Recreation Area,Public order,Investigation complete; no suspect identified,0.529
6bb611bc02717dacfe6e8f1632ed6e05713e7b6b11ebdc477328d1aa31886080,2019-02,-3.500052,50.697687,On or near Sports/Recreation Area,Vehicle crime,Investigation complete; no suspect identified,0.547
a33bf2c8aae14de2325a0eba7fc485b88c016721703e5828b5f8ae1cc85eefc8,2019-05,-3.500052,50.697687,On or near Sports/Recreation Area,Violence and sexual offences,Unable to prosecute suspect,0.547
7852087475fd525b06f8542f0d71dfaf24f4483ee2318a6184f6a81c1b55fc4c,2019-08,-3.500052,50.697687,On or near Sports/Recreation Area,Violence and sexual offences,Unable to prosecute suspect,0.547
8c1879747816eaaf3581f4587fe7334110ce192a11059fe54704548de5462cc1,2019-01,-3.495405,50.704725,On or near Tollards Road,Vehicle crime,Investigation complete; no suspect identified,0.587
e3828cefbcc7fcca83fc045abab1d1524529ebd5a2d925ca0d67f328fec63bb4,2019-11,-3.495405,50.704725,On or near Tollards Road,Criminal damage and arson,Awaiting court outcome,0.587
d65acf484dfdc2b7e407a42c5d0d52fe3125426dc687eb372fc4312f0d25a60b,2019-12,-3.495390,50.705580,On or near Swallowfield Road,Possession of weapons,Offender given a caution,0.638
7bf22d9f1aa1f8faedaf6ecc75e5176520535bfb8f4e35bd55c674f7e734f699,2019-01,-3.502821,50.708101,On or near Hazel Road,Bicycle theft,Investigation complete; no suspect identified,0.646
422a07d75109ece9ff6a7d92ff5f71b84ca96689a498f653a9550cd437b27a7d,2019-01,-3.502821,50.708101,On or near Hazel Road,Violence and sexual offences,Unable to prosecute suspect,0.646
,2019-02,-3.502821,50.708101,On or near Hazel Road,Anti-social behaviour,,0.646
5312e6b5d3c8422529e45adb633a6618020d61a2eceb7eb90a40d7076612bdeb,2019-04,-3.502821,50.708101,On or near Hazel Road,Violence and sexual offences,Court result unavailable,0.646
429cd61e6858caceff2ca7d9bd54ae88d7b1ab87fb0dd348e2938017f0d787f7,2019-04,-3.502821,50.708101,On or near Hazel Road,Violence and sexual offences,Unable to prosecute suspect,0.646
5b7e51616a83fd0330a32b8be0a0fc1f6d487280afb2c69865f01aaf3ec6b940,2019-07,-3.502821,50.708101,On or near Hazel Road,Burglary,Status update unavailable,0.646
,2019-08,-3.502821,50.708101,On or near Hazel Road,Anti-social behaviour,,0.646
2ff25697e1988c85221315d1e856f7a81ef8858d3f7da035cbf0ef59b46ec3d9,2019-08,-3.502821,50.708101,On or near Hazel Road,Public order,Unable to prosecute suspect,0.646
24bd14638f29a4d37a34a8044708b7f36c2af106e59691ae6d6b18375a6ec2c0,2019-01,-3.503152,50.708259,On or near Walnut Road,Violence and sexual offences,Unable to prosecute suspect,0.664
fc128f2073971475c4893d731b829b9ca80b1272ea0a08d7730d3a39665b5834,2019-01,-3.503152,50.708259,On or near Walnut Road,Violence and sexual offences,Unable to prosecute suspect,0.664
da156a9fd463f44b2dbe9a08dbf1610c49eb3ba8c2b46a3b778540110a2c4960,2019-01,-3.503152,50.708259,On or near Walnut Road,Violence and sexual offences,Status update unavailable,0.664
3a08ba4468bd84e8308c0db8a32360f223d4211a557bcb395b6a1a0eeadd0ef7,2019-01,-3.503152,50.708259,On or near Walnut Road,Violence and sexual offences,Unable to prosecute suspect,0.664
,2019-03,-3.503152,50.708259,On or near Walnut Road,Anti-social behaviour,,0.664
024719a8a5b1651ce37a7d07e569bc5913f6b73c7c1c8200593b729d55e6185b,2019-03,-3.503152,50.708259,On or near Walnut Road,Criminal damage and arson,Unable to prosecute suspect,0.664
de3a1789ef6d791905fe4377ae3ed0b7e9b4614e5c43399b38f896eae715b953,2019-03,-3.503152,50.708259,On or near Walnut Road,Violence and sexual offences,Unable to prosecute suspect,0.664
6af8c6785227cdb5c39eb38f6d52acdf35bd50a0a6f2913e28f5a50ab89c323b,2019-03,-3.503152,50.708259,On or near Walnut Road,Other crime,Status update unavailable,0.664
,2019-04,-3.503152,50.708259,On or near Walnut Road,Anti-social behaviour,,0.664
0454e78f967d7a9fde6b36f973f2cad5f7c2880e650fba8e7ee37ac30455850a,2019-04,-3.503152,50.708259,On or near Walnut Road,Criminal damage and arson,Investigation complete; no suspect identified,0.664
8715fff124f2f143261a9b280cc03ecc64b4f60e1a12b5b38d5124d03f894229,2019-04,-3.503152,50.708259,On or near Walnut Road,Criminal damage and arson,Investigation complete; no suspect identified,0.664
a4e1f3a3a34184728904a6bdd9057b8eafa18add34aa4d4a8657740a1700bea7,2019-05,-3.503152,50.708259,On or near Walnut Road,Violence and sexual offences,Unable to prosecute suspect,0.664
,2019-09,-3.503152,50.708259,On or near Walnut Road,Anti-social behaviour,,0.664
8f229fb6abdbf5c60d8a75643077baa392ddbcad562e378f41109a681e1ec190,2019-09,-3.503152,50.708259,On or near Walnut Road,Public order,Unable to prosecute suspect,0.664
,2019-11,-3.503152,50.708259,On or near Walnut Road,Anti-social behaviour,,0.664
a739b37afec725c70f455ca3c6b2650e48398f862df8845e0aa8f355b117a2fc,2019-11,-3.503152,50.708259,On or near Walnut Road,Violence and sexual offences,Under investigation,0.664
5c228dbd921f48ae70ec4131dee5288fd56688381c8fc7b8ce9713c60e9e0a23,2019-11,-3.503152,50.708259,On or near Walnut Road,Violence and sexual offences,Unable to prosecute suspect,0.664
2ec8325b1c742687f0be6902dd30f20dcadf51665518abf08cead181fc646bad,2019-12,-3.503152,50.708259,On or near Walnut Road,Criminal damage and arson,Under investigation,0.664
3991a11550519fa0384d7fb38a7e1d1be31922855af242eec52b01ab30636f85,2019-12,-3.503152,50.708259,On or near Walnut Road,Violence and sexual offences,Under investigation,0.664
a55a68ed14b1e9c4c40487a6cd2d8137aa91b112f4191e23de888626c1c1ed1d,2019-01,-3.506228,50.707904,On or near Hamilton Avenue,Burglary,Investigation complete; no suspect identified,0.669
032ce292fb5d29eb5358e47018284c46f20518476854643e70b7a049b1310e0e,2019-01,-3.506228,50.707904,On or near Hamilton Avenue,Other theft,Investigation complete; no suspect identified,0.669
d6da04f5953b66d149e42d29d4ed2486fef98a3a1a643b4dc70084803c4c0ac8,2019-01,-3.506228,50.707904,On or near Hamilton Avenue,Violence and sexual offences,Investigation complete; no suspect identified,0.669
,2019-02,-3.506228,50.707904,On or near Hamilton Avenue,Anti-social behaviour,,0.669
,2019-02,-3.506228,50.707904,On or near Hamilton Avenue,Anti-social behaviour,,0.669
,2019-02,-3.506228,50.707904,On or near Hamilton Avenue,Anti-social behaviour,,0.669
ca2929fb5ce521d98af611426420e1ed26dd3178cf259c5b92d7ac0a9a6a58e2,2019-02,-3.506228,50.707904,On or near Hamilton Avenue,Violence and sexual offences,Unable to prosecute suspect,0.669
42a9805a13f7b270a13e30356beb18a51bf8eff83d8d651488591768d3a1e251,2019-02,-3.506228,50.707904,On or near Hamilton Avenue,Violence and sexual offences,Investigation complete; no suspect identified,0.669
,2019-03,-3.506228,50.707904,On or near Hamilton Avenue,Anti-social behaviour,,0.669
,2019-03,-3.506228,50.707904,On or near Hamilton Avenue,Anti-social behaviour,,0.669
,2019-03,-3.506228,50.707904,On or near Hamilton Avenue,Anti-social behaviour,,0.669
,2019-03,-3.506228,50.707904,On or near Hamilton Avenue,Anti-social behaviour,,0.669
8a445666b5095671ad8743326368d387a3c43e850359135f3320e0f1d84594af,2019-03,-3.506228,50.707904,On or near Hamilton Avenue,Vehicle crime,Investigation complete; no suspect identified,0.669
6a3f8d6051708dc7ea331d93160c25349b37d6b6a9a001be7f6dba75d33cf281,2019-03,-3.506228,50.707904,On or near Hamilton Avenue,Violence and sexual offences,Status update unavailable,0.669
39a96a9ef72563f298ec6f7c0e4d79cbc6d78f47280c2cecc50fcbb300b66be5,2019-03,-3.506228,50.707904,On or near Hamilton Avenue,Violence and sexual offences,Unable to prosecute suspect,0.669
,2019-04,-3.506228,50.707904,On or near Hamilton Avenue,Anti-social behaviour,,0.669
,2019-04,-3.506228,50.707904,On or near Hamilton Avenue,Anti-social behaviour,,0.669
,2019-04,-3.506228,50.707904,On or near Hamilton Avenue,Anti-social behaviour,,0.669
f208baa2ff6974c1b0c4a37b1548a78ae92059b8e288ff3442f8fa350b5f87d0,2019-04,-3.506228,50.707904,On or near Hamilton Avenue,Criminal damage and arson,Local resolution,0.669
07b2b8ac9135214f92164886d5194881d82b19b4128ed79e7443ba3b0947bec9,2019-04,-3.506228,50.707904,On or near Hamilton Avenue,Criminal damage and arson,Investigation complete; no suspect identified,0.669
fb6e425ff0ca56e172422a397be16abbf657ef84cbd9c94b34d80eb87f152c9d,2019-04,-3.506228,50.707904,On or near Hamilton Avenue,Criminal damage and arson,Unable to prosecute suspect,0.669
9b5d4cd1370cd62242d5dd2c64cabe6a8221395d38d0152b0764ab0b9bb8d65e,2019-04,-3.506228,50.707904,On or near Hamilton Avenue,Violence and sexual offences,Unable to prosecute suspect,0.669
,2019-05,-3.506228,50.707904,On or near Hamilton Avenue,Anti-social behaviour,,0.669
f35f6046cc4f68c206c32267bde87031e3b0d85c33d0689433a346c89819f2c5,2019-05,-3.506228,50.707904,On or near Hamilton Avenue,Violence and sexual offences,Unable to prosecute suspect,0.669
1534db72bd9e1c01e9e2280326eb5f2f9087a7563df293af4be059d57d0c841f,2019-06,-3.506228,50.707904,On or near Hamilton Avenue,Violence and sexual offences,Unable to prosecute suspect,0.669
d6c99b0f13a24b1b6088de66488a076b1e8760920880c950ff42af09476531ab,2019-06,-3.506228,50.707904,On or near Hamilton Avenue,Violence and sexual offences,Unable to prosecute suspect,0.669
,2019-07,-3.506228,50.707904,On or near Hamilton Avenue,Anti-social behaviour,,0.669
,2019-07,-3.506228,50.707904,On or near Hamilton Avenue,Anti-social behaviour,,0.669
50c08b9e7e386a43efe0597b81402d677baa0b6eae110386cdad4af851e4f8d5,2019-07,-3.506228,50.707904,On or near Hamilton Avenue,Criminal damage and arson,Unable to prosecute suspect,0.669
6134ea4c922647c16c17576d83d8a420477bb8cbbdf2c574612dd6aef368ac64,2019-07,-3.506228,50.707904,On or near Hamilton Avenue,Violence and sexual offences,Status update unavailable,0.669
,2019-09,-3.506228,50.707904,On or near Hamilton Avenue,Anti-social behaviour,,0.669
71768a86bd96df80e7e368d594f09f19842472da7f2a547646d1cb818798ac52,2019-10,-3.506228,50.707904,On or near Hamilton Avenue,Criminal damage and arson,Investigation complete; no suspect identified,0.669
542c7440f3b05d6244b389a1a5483acba9d2b782bdfdafad6a875a27a1a8a394,2019-10,-3.506228,50.707904,On or near Hamilton Avenue,Violence and sexual offences,Investigation complete; no suspect identified,0.669
d2170af80245e067523648d4f89d4b25f58559e293cdf4f10de4216a42d7b592,2019-10,-3.506228,50.707904,On or near Hamilton Avenue,Violence and sexual offences,Under investigation,0.669
0abd0d1ccbbaf5b35a54ea7353f1d812d9392d53977c51d7cb7db00e7be263b4,2019-10,-3.506228,50.707904,On or near Hamilton Avenue,Violence and sexual offences,Under investigation,0.669
e84b9076157018bf046a3fe17d1a6af523fb0763ee47e0feeb0ef099a6282d37,2019-11,-3.506228,50.707904,On or near Hamilton Avenue,Violence and sexual offences,Under investigation,0.669
f3f68408bded3a8f2ad3416818434f167fb1a3fb04793de32b4e5b23e34f5ccd,2019-12,-3.506228,50.707904,On or near Hamilton Avenue,Drugs,Under investigation,0.669
5e7156b608c4e4e6db9dbcae65ade92f948a3c6969c123ac2eb39a8f45358f79,2019-12,-3.506228,50.707904,On or near Hamilton Avenue,Violence and sexual offences,Under investigation,0.669
,2019-01,-3.509098,50.706860,On or near Further/Higher Educational Building,Anti-social behaviour,,0.674
,2019-03,-3.509098,50.706860,On or near Further/Higher Educational Building,Anti-social behaviour,,0.674
,2019-03,-3.509098,50.706860,On or near Further/Higher Educational Building,Anti-social behaviour,,0.674
386c065358145570d6ca9dc73af33551d78eea93891aa31ef8247de5547a2db6,2019-04,-3.509098,50.706860,On or near Further/Higher Educational Building,Violence and sexual offences,Investigation complete; no suspect identified,0.674
,2019-08,-3.509098,50.706860,On or near Further/Higher Educational Building,Anti-social behaviour,,0.674
f0432ffb81e23029a517c25e5bfcf229467f3de726a1e4c43ebb7335b1f1646f,2019-11,-3.509098,50.706860,On or near Further/Higher Educational Building,Violence and sexual offences,Unable to prosecute suspect,0.674
,2019-12,-3.509098,50.706860,On or near Further/Higher Educational Building,Anti-social behaviour,,0.674
c13ebbabd938ddee6a359f32eafda7f598ee00b08bcf9396179e507ee40c2f70,2019-01,-3.493346,50.700965,On or near Petrol Station,Other theft,Formal action is not in the public interest,0.682
4624854dbd5da00023b3560bb5321b80f962c87f8c5df2b758ac960bdaa8adde,2019-01,-3.493346,50.700965,On or near Petrol Station,Other theft,Investigation complete; no suspect identified,0.682
69c7c54569d24b5870ef27e99198531a68f3d6f5e6c04e359b28386f270d3e55,2019-01,-3.493346,50.700965,On or near Petrol Station,Shoplifting,Investigation complete; no suspect identified,0.682
d48aa1f6adf467230b1bed097a4e792bd36315be5a6bb608d765f89dd21c0681,2019-01,-3.493346,50.700965,On or near Petrol Station,Shoplifting,Investigation complete; no suspect identified,0.682
0d47aefde165dd142a7b1f918a4f4b8cbfa89669da69b250282466b9fc21a45f,2019-02,-3.493346,50.700965,On or near Petrol Station,Other theft,Investigation complete; no suspect identified,0.682
891e5a7848ed2b54563f165bed912978ee26c4f132854e662b8cebeb04738c5f,2019-03,-3.493346,50.700965,On or near Petrol Station,Other theft,Investigation complete; no suspect identified,0.682
530e3fd1e20d2b261aa7f0602c971d31c74a51db1ffb0e88b83555d5a0b4a7fe,2019-03,-3.493346,50.700965,On or near Petrol Station,Violence and sexual offences,Investigation complete; no suspect identified,0.682
1a6d0e7a336bd6d9ca92bbc70d5bea0700ea0fa7358848927f64047921969559,2019-04,-3.493346,50.700965,On or near Petrol Station,Drugs,Status update unavailable,0.682
4fb4d5d1d25acb9dcf2237d5178666c807f309de9abfb217b2519d65c2e10fd3,2019-04,-3.493346,50.700965,On or near Petrol Station,Drugs,Awaiting court outcome,0.682
be46ce245d22285124c7885c245a235946d7125eecc704961316c1a98420ae2f,2019-04,-3.493346,50.700965,On or near Petrol Station,Drugs,Court result unavailable,0.682
ef963c844b11bf29a64083bd8eda8b6047062300e7e9f3aaed454a820e263935,2019-04,-3.493346,50.700965,On or near Petrol Station,Drugs,Court result unavailable,0.682
61111630c66ebff14193b19339e3cf5364d0184b28a8388ec0af6f38c6119be3,2019-04,-3.493346,50.700965,On or near Petrol Station,Shoplifting,Status update unavailable,0.682
baadd21887aa9ca1381ecf2d30b3c5e42c0c0a0d3d05a9fba6914440c73ea2bf,2019-04,-3.493346,50.700965,On or near Petrol Station,Violence and sexual offences,Investigation complete; no suspect identified,0.682
d2195d77ccd44a66762d6860b5ab272b24420a77f45da0b77a99a61f18fb9f02,2019-04,-3.493346,50.700965,On or near Petrol Station,Other crime,Awaiting court outcome,0.682
,2019-05,-3.493346,50.700965,On or near Petrol Station,Anti-social behaviour,,0.682
,2019-05,-3.493346,50.700965,On or near Petrol Station,Anti-social behaviour,,0.682
4fe601b6ca5067c9a5a7aaf8d84fbf7ffebeba9bd8019d99f5902c62f4d1b81e,2019-05,-3.493346,50.700965,On or near Petrol Station,Public order,Unable to prosecute suspect,0.682
80e4aba3a81d0ebf455d76abcc8884d4f7c07f37265ba3040af359a2fa8ffd79,2019-05,-3.493346,50.700965,On or near Petrol Station,Shoplifting,Investigation complete; no suspect identified,0.682
deba8a56749c269f97e9878354a03c63d92c8dc60aa10f02c1f1ebbf3c1374e2,2019-05,-3.493346,50.700965,On or near Petrol Station,Shoplifting,Court result unavailable,0.682
ab7103549a1c3f8a87084d145fcc9f23c5cffa7facbd7f6d823deb694e3f2c28,2019-06,-3.493346,50.700965,On or near Petrol Station,Violence and sexual offences,Status update unavailable,0.682
9b6d7ce5fbde0d62d843bfddf4eb398461527f496d1860c48b038ee725f57a32,2019-07,-3.493346,50.700965,On or near Petrol Station,Criminal damage and arson,Investigation complete; no suspect identified,0.682
0ebf563ccb0c031c82b693eee329c4798290a3080e237b6e411740049238db6c,2019-07,-3.493346,50.700965,On or near Petrol Station,Drugs,Offender given penalty notice,0.682
9755979767e58044978b19c4cdb492441a903341baacb9ee22335c78d78e268e,2019-07,-3.493346,50.700965,On or near Petrol Station,Drugs,Offender given penalty notice,0.682
,2019-08,-3.493346,50.700965,On or near Petrol Station,Anti-social behaviour,,0.682
26f2b7e94f5eeadc811d1244c431ba0ff95bf5cc84803b10a1373349be53fa7d,2019-08,-3.493346,50.700965,On or near Petrol Station,Shoplifting,Investigation complete; no suspect identified,0.682
e9c3fef51cd1a599084caa46945d08c50ef95622791f00df4e07642032413c55,2019-08,-3.493346,50.700965,On or near Petrol Station,Violence and sexual offences,Unable to prosecute suspect,0.682
84cff46629fd4707d775325b8f88f48c5076d93b6b3b5d2137fae913266928ea,2019-09,-3.493346,50.700965,On or near Petrol Station,Public order,Investigation complete; no suspect identified,0.682
4b8f69f780e713610a135a4f21ec7518c79eabc141f93b2d3e957ddf96a21176,2019-09,-3.493346,50.700965,On or near Petrol Station,Shoplifting,Investigation complete; no suspect identified,0.682
a8f5d6710f24311d686019d84fb0d8b59f57aea1a45344ca0a6616cc7f642849,2019-10,-3.493346,50.700965,On or near Petrol Station,Public order,Under investigation,0.682
4a5c1f62708cba3a15b55fe0ee0dda0c79ae35711b22187e7872f172fb2dfa9d,2019-11,-3.493346,50.700965,On or near Petrol Station,Other theft,Unable to prosecute suspect,0.682
1ac27942f696fea2960b39cd9358fdfc005b628cd27d45809403d69572562c54,2019-12,-3.493346,50.700965,On or near Petrol Station,Other theft,Under investigation,0.682
6af6a073877fb7b4ec9bd983a95a143151d1eabcc02bbeaa89f4234283501d1f,2019-12,-3.493346,50.700965,On or near Petrol Station,Violence and sexual offences,Under investigation,0.682
d04e0f11218598476a7ce29531c8491fd0ecfca1d0d5429894de600267d75171,2019-12,-3.493346,50.700965,On or near Petrol Station,Violence and sexual offences,Under investigation,0.682
5ed29760dfb0634d81f2d4eef6daf310a216c92acd6b833e442ba58076a919c0,2019-04,-3.494564,50.698746,On or near Chepstow Close,Violence and sexual offences,Investigation complete; no suspect identified,0.702
ee7343ab650e35bd904f7f90093aec46cb815474e0c05ec19256dc91a81d0ef6,2019-06,-3.494564,50.698746,On or near Chepstow Close,Violence and sexual offences,Unable to prosecute suspect,0.702
bc1119e42ae04a8c0bb7f0a1c86624976f26e2d509e90740f2dc0ecc58cf5328,2019-09,-3.494564,50.698746,On or near Chepstow Close,Other theft,Under investigation,0.702
b7cbc008bde9e66ee349dd33e26e4ba067964a7721fe99e18f22f33a627f37d7,2019-12,-3.494564,50.698746,On or near Chepstow Close,Vehicle crime,Investigation complete; no suspect identified,0.702
376d79fbfea832c4a9d3ee082c7cfe186d225c060d0623da3b576886a598f806,2019-01,-3.493202,50.700014,On or near Bridge Road,Violence and sexual offences,Investigation complete; no suspect identified,0.722
,2019-02,-3.493202,50.700014,On or near Bridge Road,Anti-social behaviour,,0.722
fa4e13cd456f6b6f077a8e36a44f817aee8dfc9eee42bd10469381399cf59a04,2019-03,-3.493202,50.700014,On or near Bridge Road,Violence and sexual offences,Unable to prosecute suspect,0.722
,2019-04,-3.493202,50.700014,On or near Bridge Road,Anti-social behaviour,,0.722
86b7d3fac594e9718417a6933762c472b9b19f6f2b95989563213ccff542da58,2019-04,-3.493202,50.700014,On or near Bridge Road,Burglary,Unable to prosecute suspect,0.722
,2019-05,-3.493202,50.700014,On or near Bridge Road,Anti-social behaviour,,0.722
,2019-05,-3.493202,50.700014,On or near Bridge Road,Anti-social behaviour,,0.722
8d7669ea4a5c65361db5a245c7d9a49f7d1afe967122502695ee1a260b253d88,2019-05,-3.493202,50.700014,On or near Bridge Road,Public order,Status update unavailable,0.722
c68d4f609f3bf5afd71c0cf60a3152745e7260ddb2a3122294c0898af1cd37d5,2019-05,-3.493202,50.700014,On or near Bridge Road,Public order,Awaiting court outcome,0.722
,2019-06,-3.493202,50.700014,On or near Bridge Road,Anti-social behaviour,,0.722
a8bd9b8d38be82384f555060636a3fb49c4e299c464024b5c0aeeed09599563c,2019-06,-3.493202,50.700014,On or near Bridge Road,Bicycle theft,Investigation complete; no suspect identified,0.722
ee7fbfcedee8e9a40842870d72935267afb000877a2c1dbbf169b75b7efcf2f0,2019-09,-3.493202,50.700014,On or near Bridge Road,Other theft,Investigation complete; no suspect identified,0.722
,2019-10,-3.493202,50.700014,On or near Bridge Road,Anti-social behaviour,,0.722
833f40e056d39d8ba08ccca52e056b20f76dc3980b9b47ac696ac8f16c10e08a,2019-11,-3.493202,50.700014,On or near Bridge Road,Public order,Unable to prosecute suspect,0.722
ac6dc77fe83100d8e7989f193b761ea0f042a4a7d45d85021c272138688cfc70,2019-11,-3.493202,50.700014,On or near Bridge Road,Violence and sexual offences,Unable to prosecute suspect,0.722
63f8d7e093f727efe2f21c6a92f80f121d1cbff148a07a3409f7f3d69f7a7cc3,2019-12,-3.493202,50.700014,On or near Bridge Road,Violence and sexual offences,Under investigation,0.722
3e0719566157c1297782ac7de217ca1f4727c4c60547749541d62f0e2f42b528,2019-01,-3.496312,50.696718,On or near Locksley Close,Criminal damage and arson,Investigation complete; no suspect identified,0.77
ea4f8898b6b9f8a33154b794c4b69eb85507040d7b37a11c01371ec2dc021c6a,2019-01,-3.496312,50.696718,On or near Locksley Close,Vehicle crime,Investigation complete; no suspect identified,0.77
,2019-02,-3.496312,50.696718,On or near Locksley Close,Anti-social behaviour,,0.77
,2019-02,-3.496312,50.696718,On or near Locksley Close,Anti-social behaviour,,0.77
4eb00e60be2427182efe2da64f2fb84f27c76145515e8398ab0a99e889187902,2019-02,-3.496312,50.696718,On or near Locksley Close,Public order,Status update unavailable,0.77
06790afb6ece21978b7993676c567fcbf5cf9ea203c38172387df7ac8eec5542,2019-03,-3.496312,50.696718,On or near Locksley Close,Other crime,Offender given community sentence,0.77
960f7c4a0802cf837b41262f351504930fa4b03033e43be016d52644c29213b2,2019-04,-3.496312,50.696718,On or near Locksley Close,Drugs,Offender given a drugs possession warning,0.77
6502f566b79bc2303d93629a0e863ca2c2b28619474467fa1a1cc408984622cf,2019-06,-3.496312,50.696718,On or near Locksley Close,Criminal damage and arson,Investigation complete; no suspect identified,0.77
56d4f55db1abbcceeab5a17ada4d858bb4d538873a491831c9a054855018e280,2019-06,-3.496312,50.696718,On or near Locksley Close,Vehicle crime,Investigation complete; no suspect identified,0.77
,2019-07,-3.496312,50.696718,On or near Locksley Close,Anti-social behaviour,,0.77
a674e5cb6e29ecc1b95f75cde82e3f845c69cc059b8a3c21406dd41b16de0c21,2019-08,-3.496312,50.696718,On or near Locksley Close,Drugs,Offender given a drugs possession warning,0.77
d60744f8204dee6f01c3aac65eeb5f030200a974dbcf816166137e93ba68c0ab,2019-06,-3.508847,50.708320,On or near Earl Richard'S Road South,Other theft,Investigation complete; no suspect identified,0.794
d35638e31c697798bb6b024d00d926494891a6fdd9cc28ce7cb6a2cb97478e56,2019-11,-3.508847,50.708320,On or near Earl Richard'S Road South,Criminal damage and arson,Investigation complete; no suspect identified,0.794
7c25f0ac4d3664eeba9bca81e68e68ece831e4986391426257e55119263cc5f7,2019-11,-3.508847,50.708320,On or near Earl Richard'S Road South,Violence and sexual offences,Unable to prosecute suspect,0.794
,2019-12,-3.508847,50.708320,On or near Earl Richard'S Road South,Anti-social behaviour,,0.794
9546c66b3fcb47b5fff495fbbdd83695b7a2296e67209fb2179e4b83b512f2c3,2019-12,-3.508847,50.708320,On or near Earl Richard'S Road South,Criminal damage and arson,Unable to prosecute suspect,0.794
174e7ebec672dd435ad832ca1b469b86a3d5b58b8abe71ebc0f13a30fce43fd5,2019-12,-3.508847,50.708320,On or near Earl Richard'S Road South,Criminal damage and arson,Investigation complete; no suspect identified,0.794
eea7246e01895940f82357f5c8d14d10b1a63b15a258acee77c35a4c4a94aaac,2019-02,-3.505568,50.709415,On or near Laurel Road,Violence and sexual offences,Unable to prosecute suspect,0.816
c1a21da4bd234c4f61f44c5396de9f4f430e4918616a39768010d99256f105e9,2019-03,-3.505568,50.709415,On or near Laurel Road,Other theft,Investigation complete; no suspect identified,0.816
a6e4298066435741f7f90781f911ece860ff20a7e15a7b5a683dec7321f1d4a5,2019-03,-3.505568,50.709415,On or near Laurel Road,Violence and sexual offences,Unable to prosecute suspect,0.816
e6e1b5d64627a9bb50aab2ffc41d75a3975e658247defd3f3d1a4b557483e7df,2019-05,-3.505568,50.709415,On or near Laurel Road,Violence and sexual offences,Status update unavailable,0.816
5735230a7f7b83aba95fb585a8d6788800e70246c66597946e446eb63c01bd08,2019-05,-3.505568,50.709415,On or near Laurel Road,Violence and sexual offences,Unable to prosecute suspect,0.816
de854f141543e0b1eed060873fd21903899f0b56652dddaf7f31c408df976c5e,2019-05,-3.505568,50.709415,On or near Laurel Road,Violence and sexual offences,Unable to prosecute suspect,0.816
7eb17230af02bb3efe39d2ab927e4180b569edcbbb602ae3265651d41a724464,2019-07,-3.505568,50.709415,On or near Laurel Road,Violence and sexual offences,Unable to prosecute suspect,0.816
7f2ccfa696f3f79efcb129c2b669d53ce89f46b5caa8e226e996dfab59a93fa3,2019-07,-3.505568,50.709415,On or near Laurel Road,Violence and sexual offences,Status update unavailable,0.816
b194902da67c4ad08845cd2bed73a4677ba1e3028a08eec2aa9e346666fa250e,2019-08,-3.505568,50.709415,On or near Laurel Road,Criminal damage and arson,Investigation complete; no suspect identified,0.816
,2019-09,-3.505568,50.709415,On or near Laurel Road,Anti-social behaviour,,0.816
ac8553fd64102f137993ade68505c8ac3baef9fccc215fd57ec48b11e670e541,2019-09,-3.505568,50.709415,On or near Laurel Road,Criminal damage and arson,Investigation complete; no suspect identified,0.816
ed61d05313c3d2ae5c88404924eb8083952c5bfcb87261a3953c3be59b4ff26b,2019-11,-3.505568,50.709415,On or near Laurel Road,Criminal damage and arson,Investigation complete; no suspect identified,0.816
29a8f00ca280e80ded173b22878133320422984c92e44b5029cf73dcd87923d8,2019-11,-3.505568,50.709415,On or near Laurel Road,Criminal damage and arson,Awaiting court outcome,0.816
0d38c36e6c5ffb31271958fde1dec5c86990e92837ee26eb35d5c5ee5b92d9f9,2019-11,-3.505568,50.709415,On or near Laurel Road,Other theft,Under investigation,0.816
0974d2c2ba8c1a088a7ea4f7a37b7f4500c20ff51d96101ce2d7572873c3109a,2019-11,-3.505568,50.709415,On or near Laurel Road,Violence and sexual offences,Awaiting court outcome,0.816
,2019-01,-3.503055,50.709654,On or near Briar Crescent,Anti-social behaviour,,0.819
ed40fc235593395f744a067551ed2023370a7817d7fb023bef625f780d66cc60,2019-01,-3.503055,50.709654,On or near Briar Crescent,Other theft,Investigation complete; no suspect identified,0.819
1ba61a504acddcf993b89e3c98990ece5516e70632a5becc811e0cb85c8e1bf6,2019-01,-3.502006,50.709640,On or near Chestnut Avenue,Violence and sexual offences,Status update unavailable,0.819
3f3f3e3e2ffb3541a5efca4e310e1503540acb6fca27cede74382545089118a2,2019-01,-3.502006,50.709640,On or near Chestnut Avenue,Violence and sexual offences,Status update unavailable,0.819
093c83c1346c228f5a7bf20f938432a1139c1a0f6ca247348ba698e8894c657e,2019-01,-3.502006,50.709640,On or near Chestnut Avenue,Other crime,Status update unavailable,0.819
4c6537652a2c599fd6cb0782b9016d6c5da268876d0776baf34b778b94656c9e,2019-01,-3.502006,50.709640,On or near Chestnut Avenue,Other crime,Status update unavailable,0.819
,2019-02,-3.502006,50.709640,On or near Chestnut Avenue,Anti-social behaviour,,0.819
c1b8a71b3da61f2dd847e7be7e61ab0eb3b8d625019c1e2b68a00bd1b46e6145,2019-02,-3.502006,50.709640,On or near Chestnut Avenue,Vehicle crime,Investigation complete; no suspect identified,0.819
,2019-03,-3.503055,50.709654,On or near Briar Crescent,Anti-social behaviour,,0.819
,2019-03,-3.502006,50.709640,On or near Chestnut Avenue,Anti-social behaviour,,0.819
,2019-03,-3.502006,50.709640,On or near Chestnut Avenue,Anti-social behaviour,,0.819
bca5b21a08152def298b467c942a70377c1ddb32d681911587398b738074da48,2019-03,-3.502006,50.709640,On or near Chestnut Avenue,Drugs,Unable to prosecute suspect,0.819
f4b53fe619db0b49176fa150b3badee34343b9d99a67df547409cbfa82503bc8,2019-04,-3.502006,50.709640,On or near Chestnut Avenue,Criminal damage and arson,Investigation complete; no suspect identified,0.819
28946761cdcbbae8f3e56aa37989d692edac37d30efdb44404ad9d26dd37a267,2019-04,-3.502006,50.709640,On or near Chestnut Avenue,Drugs,Offender given a drugs possession warning,0.819
c0d5824b25516d4556ed7c579759dadd94a78070429856f5f38bf5c913c89314,2019-04,-3.503055,50.709654,On or near Briar Crescent,Violence and sexual offences,Unable to prosecute suspect,0.819
,2019-05,-3.503055,50.709654,On or near Briar Crescent,Anti-social behaviour,,0.819
,2019-05,-3.502006,50.709640,On or near Chestnut Avenue,Anti-social behaviour,,0.819
,2019-05,-3.503055,50.709654,On or near Briar Crescent,Anti-social behaviour,,0.819
,2019-05,-3.502006,50.709640,On or near Chestnut Avenue,Anti-social behaviour,,0.819
dedce4c2808e111f5825aefd228e79af0ab212ccb13ec44e08de552a4be2975e,2019-05,-3.502006,50.709640,On or near Chestnut Avenue,Criminal damage and arson,Unable to prosecute suspect,0.819
363d90920e607b189c89a9b58bd36846e5f09c1e2c1fbc483553962ca30a6a81,2019-05,-3.503055,50.709654,On or near Briar Crescent,Violence and sexual offences,Unable to prosecute suspect,0.819
,2019-06,-3.502006,50.709640,On or near Chestnut Avenue,Anti-social behaviour,,0.819
646360891872a5376b051c98742725c6cd91d4accdb14fdd2becafba423f60e8,2019-06,-3.502006,50.709640,On or near Chestnut Avenue,Violence and sexual offences,Investigation complete; no suspect identified,0.819
deaefa898d67f81b3b8a8f5a6739a85beea925c40f6fa2d646153f81ce1d97ce,2019-07,-3.502006,50.709640,On or near Chestnut Avenue,Violence and sexual offences,Investigation complete; no suspect identified,0.819
,2019-08,-3.503055,50.709654,On or near Briar Crescent,Anti-social behaviour,,0.819
,2019-08,-3.503055,50.709654,On or near Briar Crescent,Anti-social behaviour,,0.819
a501746dd21cbac0b8ed40408201abc56730beb2f8eceeb2c9a298355a01fd7e,2019-08,-3.503055,50.709654,On or near Briar Crescent,Violence and sexual offences,Unable to prosecute suspect,0.819
909ac03573c9dbcbec8485cfe52df090d2141a0203108e7f715be94c1eb5540c,2019-08,-3.503055,50.709654,On or near Briar Crescent,Violence and sexual offences,Unable to prosecute suspect,0.819
,2019-09,-3.502006,50.709640,On or near Chestnut Avenue,Anti-social behaviour,,0.819
f805a0c90f698f32e0b944f8a130b64f40745a4a80373bafa8346467a53f02ad,2019-09,-3.503055,50.709654,On or near Briar Crescent,Violence and sexual offences,Under investigation,0.819
d887df8b2741ad4d52f889f4cb2d6c50aedcafc944f1a5185d9ac153b1af1471,2019-10,-3.503055,50.709654,On or near Briar Crescent,Violence and sexual offences,Under investigation,0.819
a05c577301fa9dbf656ae2f3fc8160acac9435651b2b21b10ba71f10066c0037,2019-10,-3.503055,50.709654,On or near Briar Crescent,Violence and sexual offences,Unable to prosecute suspect,0.819
7688605db6e5ae5c5572def7ea448aa718b252e49c71924405135b58e1d32388,2019-10,-3.502006,50.709640,On or near Chestnut Avenue,Other crime,Under investigation,0.819
0c38141e4c4f536543502f8e8afa33ab313c21172acd334532ece6f0ca0f64de,2019-10,-3.502006,50.709640,On or near Chestnut Avenue,Other crime,Under investigation,0.819
1a70463809f8f1b9c2e4ce98991ec834af24169d74cbac9e33658094e015efcb,2019-10,-3.502006,50.709640,On or near Chestnut Avenue,Other crime,Under investigation,0.819
,2019-11,-3.503055,50.709654,On or near Briar Crescent,Anti-social behaviour,,0.819
,2019-11,-3.503055,50.709654,On or near Briar Crescent,Anti-social behaviour,,0.819
16337bc4eabe8005a84bcca0823ebb61906369b871a7d974a7736222b0be755a,2019-11,-3.503055,50.709654,On or near Briar Crescent,Violence and sexual offences,Unable to prosecute suspect,0.819
c162bd6b587c888cc8da77a775de68575401b63f264ce50f08b3a24c54f8ed43,2019-12,-3.502006,50.709640,On or near Chestnut Avenue,Criminal damage and arson,Investigation complete; no suspect identified,0.819
701fab787c5767fbc02cb0a17dca06846aa94d658cfe134e665ef68febd93cbb,2019-12,-3.503055,50.709654,On or near Briar Crescent,Violence and sexual offences,Under investigation,0.819
9497c0db25c0cc773e1b5a74dc73514bee7e1d78b506c8ca8842161beb9fb1bb,2019-05,-3.504041,50.709947,On or near Holly Road,Violence and sexual offences,Unable to prosecute suspect,0.856
,2019-06,-3.504041,50.709947,On or near Holly Road,Anti-social behaviour,,0.856
,2019-01,-3.493319,50.697458,On or near Lower Wear Road,Anti-social behaviour,,0.857
da8b0407877b5c94666b5874fbb6c24eda8227a7f49aff222b82780ba369e274,2019-01,-3.493319,50.697458,On or near Lower Wear Road,Criminal damage and arson,Investigation complete; no suspect identified,0.857
ed811c0d7a59b2303d80a7a68d6f18c8849c66e0aad7c546af2c2bd6205652fc,2019-01,-3.493319,50.697458,On or near Lower Wear Road,Violence and sexual offences,Unable to prosecute suspect,0.857
c012679f2d307dfb483d07b86677f039a3bc0c24209333716cf15a77f6deabe0,2019-07,-3.493319,50.697458,On or near Lower Wear Road,Violence and sexual offences,Unable to prosecute suspect,0.857
8ea6fd5d9a5a7bc6bde5784d658cb91c4dda828593a452a46cdc35f0415c0ecf,2019-08,-3.493319,50.697458,On or near Lower Wear Road,Other theft,Investigation complete; no suspect identified,0.857
a933e32574f274c7d90bbf55d40498615693d93fda615489464fd6c693c779b5,2019-08,-3.493319,50.697458,On or near Lower Wear Road,Other theft,Unable to prosecute suspect,0.857
,2019-09,-3.493319,50.697458,On or near Lower Wear Road,Anti-social behaviour,,0.857
,2019-10,-3.493319,50.697458,On or near Lower Wear Road,Anti-social behaviour,,0.857
ace36b8e83ef63f7dccd26a50f608943fc6d80ca416c682bd3bebe359be4a48a,2019-10,-3.493319,50.697458,On or near Lower Wear Road,Public order,Local resolution,0.857
cb274c0f22a2553f9bea5df4e2bc2091665ecfd065707ef22f7d4cf1b57a5212,2019-12,-3.493319,50.697458,On or near Lower Wear Road,Public order,Under investigation,0.857
eed670bba521797cbf0dc2d3ddd0da4aff232ff60f4591b7364e19917cf4b354,2019-12,-3.493319,50.697458,On or near Lower Wear Road,Violence and sexual offences,Under investigation,0.857
9a7962544abc986e0f1e127d01cca62adddbe459d54abe8a11ba3bb71f8de918,2019-02,-3.504574,50.710210,On or near Hawthorn Road,Violence and sexual offences,Unable to prosecute suspect,0.889
76daebc0727776e9d8aadd17c134d46354e7f2118adc034d79be8205cde946a6,2019-03,-3.504574,50.710210,On or near Hawthorn Road,Violence and sexual offences,Unable to prosecute suspect,0.889
7d6da545c918830db4a41cf80e92f0d6dff9b6d93e17000db198a4ff73c18100,2019-04,-3.504574,50.710210,On or near Hawthorn Road,Burglary,Investigation complete; no suspect identified,0.889
d81507a9630121fe1f29db31b9f1e29674e3126e1b5b159222e70596f13fbf29,2019-04,-3.504574,50.710210,On or near Hawthorn Road,Violence and sexual offences,Investigation complete; no suspect identified,0.889
4764756702a36207ebe235c5ab72e337805781aeeccc68f6d85be8214086f35c,2019-05,-3.504574,50.710210,On or near Hawthorn Road,Violence and sexual offences,Unable to prosecute suspect,0.889
6f6337560db4a71b01c87c691ffb0c54639b2b66d8878425354e6c452434a4e2,2019-06,-3.504574,50.710210,On or near Hawthorn Road,Robbery,Investigation complete; no suspect identified,0.889
d1589e64d8d86efa76ef8550ad6bdfbd609d18853ba0320a14c3c167dc7eda0d,2019-06,-3.504574,50.710210,On or near Hawthorn Road,Violence and sexual offences,Investigation complete; no suspect identified,0.889
dd050c6803ed24acea7a72adb7d4d918a65676b25b02db8163b7b25caaeed0dd,2019-07,-3.504574,50.710210,On or near Hawthorn Road,Violence and sexual offences,Unable to prosecute suspect,0.889
f52f1446f06f9f4a81a982af79ee3ce82063e3e2f9f687c8d0b563bbf50253ac,2019-07,-3.504574,50.710210,On or near Hawthorn Road,Violence and sexual offences,Status update unavailable,0.889
,2019-08,-3.504574,50.710210,On or near Hawthorn Road,Anti-social behaviour,,0.889
c31ebc9f885e7528d01866b354d1d2b60411c8120f65534a98064111a1c5167f,2019-08,-3.504574,50.710210,On or near Hawthorn Road,Violence and sexual offences,Unable to prosecute suspect,0.889
,2019-09,-3.504574,50.710210,On or near Hawthorn Road,Anti-social behaviour,,0.889
043f8747be4fa6f0b02899e3bf52a40eb312a0691a1bedcc2ef896eb2945267e,2019-09,-3.504574,50.710210,On or near Hawthorn Road,Violence and sexual offences,Under investigation,0.889
,2019-10,-3.504574,50.710210,On or near Hawthorn Road,Anti-social behaviour,,0.889
487f0586cae0f647dc677d462114fecb72deef60fdcb82ab7889967e4fffca09,2019-10,-3.504574,50.710210,On or near Hawthorn Road,Public order,Unable to prosecute suspect,0.889
f45093ec44152d81f3283aa52200231698664734ad7b28071f1e80d051e5142b,2019-10,-3.504574,50.710210,On or near Hawthorn Road,Violence and sexual offences,Unable to prosecute suspect,0.889
3a976ca0031310dc34227c7344642c6710dc3739277624d8a138f19751fe5b62,2019-11,-3.504574,50.710210,On or near Hawthorn Road,Violence and sexual offences,Unable to prosecute suspect,0.889
40f0361420e474d7451d06e357e713e31d78c49036b3311f2b5308adf1c1b821,2019-11,-3.504574,50.710210,On or near Hawthorn Road,Violence and sexual offences,Investigation complete; no suspect identified,0.889
8f7c451185d2c3417aee7bc2b063c9c3c0d333f41f05993924c11afb22cefcfb,2019-12,-3.504574,50.710210,On or near Hawthorn Road,Other theft,Under investigation,0.889
2a1f05a1599687920980ba9553b9ffc7d7bfaa1e7d74f3f44e9c7422866c1acc,2019-12,-3.504574,50.710210,On or near Hawthorn Road,Vehicle crime,Under investigation,0.889
6a5b7346572c92630e3d9ad3a3717ca41f031a18ff13c5fe9449848744efec70,2019-12,-3.504574,50.710210,On or near Hawthorn Road,Violence and sexual offences,Under investigation,0.889
,2019-05,-3.503387,50.710306,On or near Laburnum Road,Anti-social behaviour,,0.892
c9a3f5129c9699b5df5b830d71e7f21daa68e32abd2de9a6735de2ab10afcc5f,2019-05,-3.503387,50.710306,On or near Laburnum Road,Other theft,Investigation complete; no suspect identified,0.892
a305de1383e64064109c1e6eefe67eff4eb015e6bcc68e344e8e79fa371865b0,2019-08,-3.503387,50.710306,On or near Laburnum Road,Violence and sexual offences,Unable to prosecute suspect,0.892
c3f57dabea95d5a8f017e41c5aa0347c725aaea0504c2b40892dfe43409dfb46,2019-09,-3.503387,50.710306,On or near Laburnum Road,Violence and sexual offences,Under investigation,0.892
905130d5abf38c878a93f79c08046a6ab2656ba269c1fa3159f914bc7e1d9275,2019-10,-3.503387,50.710306,On or near Laburnum Road,Violence and sexual offences,Under investigation,0.892
0d8ba9bb0449c01b5a771153ff4c3d7d130898a5877610f22f582b02a6e6e763,2019-10,-3.503387,50.710306,On or near Laburnum Road,Violence and sexual offences,Unable to prosecute suspect,0.892
519387602798297c82c9748b5dd9b8e85cb9a6d424aa10c2e3894fef96272881,2019-10,-3.503387,50.710306,On or near Laburnum Road,Other crime,Investigation complete; no suspect identified,0.892
,2019-11,-3.503387,50.710306,On or near Laburnum Road,Anti-social behaviour,,0.892
77dd4c78e3e2537307bc9a73e3858d771b3d8bbbbc3cf63fb8304ebc4bc073d8,2019-01,-3.492447,50.697631,On or near Heneaton Square,Criminal damage and arson,Unable to prosecute suspect,0.895
8641b5a82e2f7515586babaff1de54d153a1dfbf241a41251c4720cb35ea5232,2019-01,-3.492447,50.697631,On or near Heneaton Square,Shoplifting,Investigation complete; no suspect identified,0.895
6ef5db82832a841c420669bd8c7255f42cb2f40c3bf7bf07fccb0aa8b86ebf5f,2019-02,-3.492447,50.697631,On or near Heneaton Square,Vehicle crime,Investigation complete; no suspect identified,0.895
,2019-03,-3.492447,50.697631,On or near Heneaton Square,Anti-social behaviour,,0.895
,2019-03,-3.492447,50.697631,On or near Heneaton Square,Anti-social behaviour,,0.895
434fd6c9feaa5e90bddbf78fe46e3d3a4872047174543f619444a5ab1717d4c3,2019-03,-3.492447,50.697631,On or near Heneaton Square,Violence and sexual offences,Unable to prosecute suspect,0.895
,2019-04,-3.492447,50.697631,On or near Heneaton Square,Anti-social behaviour,,0.895
,2019-05,-3.492447,50.697631,On or near Heneaton Square,Anti-social behaviour,,0.895
972ce3b09a15f86c90e5d1faf89492b70134c25b93d275576429dce22d8185b6,2019-05,-3.492447,50.697631,On or near Heneaton Square,Drugs,Court result unavailable,0.895
472902d1fc76eb3d002bee2d7f5136940d717aa470a4d57c7d4e0acbf916eab8,2019-05,-3.492447,50.697631,On or near Heneaton Square,Public order,Investigation complete; no suspect identified,0.895
,2019-06,-3.492447,50.697631,On or near Heneaton Square,Anti-social behaviour,,0.895
,2019-06,-3.492447,50.697631,On or near Heneaton Square,Anti-social behaviour,,0.895
85c54ded693543654f66f65d9b3bade2cf35c97dfae694d7039a2c627af3795b,2019-06,-3.492447,50.697631,On or near Heneaton Square,Violence and sexual offences,Unable to prosecute suspect,0.895
b042e833018cf2dbb100a393a20a779f4470d31a9dd0f65cf42f24b5732f1b2e,2019-07,-3.492447,50.697631,On or near Heneaton Square,Criminal damage and arson,Awaiting court outcome,0.895
516c9701e6ae5fb99c658b6584247887678a69bfc13cf80fe694feee40215e51,2019-07,-3.492447,50.697631,On or near Heneaton Square,Shoplifting,Unable to prosecute suspect,0.895
cb95ebf4291167194dbf7989263c1ea4a2ccde050efde343f24267bd135e011a,2019-07,-3.492447,50.697631,On or near Heneaton Square,Shoplifting,Investigation complete; no suspect identified,0.895
e1bb724da67505d30fa5ed74689e75c643ee928ca10178c96f3198b1fdeb650d,2019-07,-3.492447,50.697631,On or near Heneaton Square,Vehicle crime,Unable to prosecute suspect,0.895
3a2206ad77f8868bd4f3e251d8a0a4319110c2fda082899b7ea40d7f9253fc14,2019-07,-3.492447,50.697631,On or near Heneaton Square,Violence and sexual offences,Unable to prosecute suspect,0.895
ecd75872cc2e02d7352acaefa6c35f7a5dcd84811e45c84d22358b711163d7aa,2019-09,-3.492447,50.697631,On or near Heneaton Square,Violence and sexual offences,Under investigation,0.895
32e9dbc5cad49299d7e95f382606bb577643b502b5ff072aecefa34c10c1316c,2019-09,-3.492447,50.697631,On or near Heneaton Square,Violence and sexual offences,Under investigation,0.895
10e508e442ee5f47a3891d3e967d5afba3f5131d89e60dd5db78b78b59dba422,2019-09,-3.492447,50.697631,On or near Heneaton Square,Violence and sexual offences,Under investigation,0.895
faee1b1c851d78810963547deed0f99cb4c2c9e198d6622d57f80252eb48209c,2019-10,-3.492447,50.697631,On or near Heneaton Square,Violence and sexual offences,Under investigation,0.895
7b88d3de5d70de4db23990fd73f35eea751605f7932f3e2f42d29424846fe780,2019-10,-3.492447,50.697631,On or near Heneaton Square,Violence and sexual offences,Unable to prosecute suspect,0.895
5d3d17b50c748e45e0edab4898945739240d41f718ed81faa6bc67a551098a62,2019-12,-3.492447,50.697631,On or near Heneaton Square,Violence and sexual offences,Under investigation,0.895
b02108a9c68d672fadf26d059a5c683032ef122fc5fc37e3aff1f8e29ed8be39,2019-08,-3.502355,50.693961,On or near Bridge Road,Violence and sexual offences,Unable to prosecute suspect,0.927
,2019-02,-3.489538,50.703244,On or near Rydon Lane,Anti-social behaviour,,0.94
,2019-03,-3.489538,50.703244,On or near Rydon Lane,Anti-social behaviour,,0.94
bcd081e7ef1a43d44ad0188fdf0d85f1c58d9c98d72f8c45d09df4d675ef7551,2019-04,-3.489538,50.703244,On or near Rydon Lane,Burglary,Unable to prosecute suspect,0.94
a9982dd674d59b06637a64ed3172446756d116f7c5d80b9e441f955059f6afdd,2019-07,-3.489538,50.703244,On or near Rydon Lane,Violence and sexual offences,Unable to prosecute suspect,0.94
527d9b2e33514678b1293267bab0270f8fe52ccb81b0edba1ef8c1b9d626b923,2019-01,-3.506566,50.710499,On or near Milton Road,Drugs,Status update unavailable,0.95
2f327ef7e6169b3fcaad4882e6b7adc818b449b82cbfb6e2a8bd1c7abaf0ac02,2019-01,-3.506566,50.710499,On or near Milton Road,Other theft,Formal action is not in the public interest,0.95
4250929a6cdd5380ddae03122c475e929c398fae5a4e4768d85788fa4f06d479,2019-01,-3.506566,50.710499,On or near Milton Road,Violence and sexual offences,Unable to prosecute suspect,0.95
2a57e80172f9ce997f3d342da6f50d32b542042f3375c2f79a1ae457ca880464,2019-01,-3.506566,50.710499,On or near Milton Road,Violence and sexual offences,Unable to prosecute suspect,0.95
31e8602c190216d1630a25b7d1fe41c6b63f275bc7ebcad09c7596e2f3bfd37b,2019-02,-3.506566,50.710499,On or near Milton Road,Criminal damage and arson,Offender ordered to pay compensation,0.95
80985c6419dbd721313ef6f1cc1e703cea58e4d152b34c0b9273e68f9e1c6e37,2019-02,-3.506566,50.710499,On or near Milton Road,Violence and sexual offences,Investigation complete; no suspect identified,0.95
,2019-03,-3.506566,50.710499,On or near Milton Road,Anti-social behaviour,,0.95
,2019-03,-3.508085,50.710156,On or near Chaucer Avenue,Anti-social behaviour,,0.95
096e3f8efb3a5690519c3faa97bba12b84e746e42b8a2600c0096440c033f2f0,2019-03,-3.506566,50.710499,On or near Milton Road,Criminal damage and arson,Investigation complete; no suspect identified,0.95
5ebf0ced48ac2316be01b16d097461f29bb6776ecb93452898e96cf74ac661f5,2019-03,-3.506566,50.710499,On or near Milton Road,Public order,Status update unavailable,0.95
98ef88c72304d186a4a8614d2e49d2f1f700da7af73c52c69ba15ef140792058,2019-03,-3.506566,50.710499,On or near Milton Road,Violence and sexual offences,Investigation complete; no suspect identified,0.95
267b8120c9f1fe70f616e08e3207e70a6b94f99a3373e08934f0e6846c9567a0,2019-03,-3.506566,50.710499,On or near Milton Road,Violence and sexual offences,Unable to prosecute suspect,0.95
ab85768f5bb7858963292fc89fc1041f7e3401fa8c111092bef177c8932b3d02,2019-03,-3.506566,50.710499,On or near Milton Road,Other crime,Formal action is not in the public interest,0.95
a3cbb24f985c477557ae5fbac26b2d640dd67d3e97905ffc9cd1aba680125f78,2019-04,-3.506566,50.710499,On or near Milton Road,Bicycle theft,Investigation complete; no suspect identified,0.95
b0dae17c1397a7f527058ee44bd09fe906838062f012eebcbbc256b1dedff2d6,2019-04,-3.508085,50.710156,On or near Chaucer Avenue,Criminal damage and arson,Unable to prosecute suspect,0.95
07421cce5aaa8258b674fdbf7852944088f14b5bb61b441a0db0ffdaeaff3e82,2019-04,-3.506566,50.710499,On or near Milton Road,Violence and sexual offences,Local resolution,0.95
8091db0143229af8e85d64247afb083694edf55cf82c71a077ced7118f40f277,2019-04,-3.508085,50.710156,On or near Chaucer Avenue,Violence and sexual offences,Unable to prosecute suspect,0.95
4d301b206bc76b0cfb5fa9e2f677847c1940e6b3b341340eb1cf1f1bad05a37c,2019-04,-3.508085,50.710156,On or near Chaucer Avenue,Violence and sexual offences,Unable to prosecute suspect,0.95
c5dc8c7b9cb89c55a1e632a0bc2b0570d2995a8749a34b47b42c278180985113,2019-04,-3.508085,50.710156,On or near Chaucer Avenue,Violence and sexual offences,Status update unavailable,0.95
ee45a824482438ef1f1c0cb8d128159d3bbba5b3aad5357cfc911c1d99d2cd87,2019-04,-3.506566,50.710499,On or near Milton Road,Violence and sexual offences,Investigation complete; no suspect identified,0.95
40ab62a43390fce627b7f3a3f5746bf9a69379e3384857a1ae24f26631f563c7,2019-04,-3.508085,50.710156,On or near Chaucer Avenue,Violence and sexual offences,Unable to prosecute suspect,0.95
803fe88f557e4e44ddabb5a00f195a42607b5ea93ec10f3b472b589272e74bc7,2019-04,-3.506566,50.710499,On or near Milton Road,Violence and sexual offences,Investigation complete; no suspect identified,0.95
03f65ac43d999bb1d96fccf8b6b17f8b1c45bb64f150b7834a4a53f8a2c906fe,2019-05,-3.506566,50.710499,On or near Milton Road,Drugs,Offender given a caution,0.95
3090bd5a55c9d63659ed7be1869012e992452ddef80c493b2d9a9b3f09b80601,2019-05,-3.506566,50.710499,On or near Milton Road,Public order,Unable to prosecute suspect,0.95
7fd16f097663563437a7cd107442e667d88cd1991a2c411c27b9ef3d06d4a135,2019-05,-3.506566,50.710499,On or near Milton Road,Public order,Unable to prosecute suspect,0.95
1e1112283598a8d789270e0f8f2d1b0c82e47780b378f675dca2c0ce2658d235,2019-05,-3.506566,50.710499,On or near Milton Road,Violence and sexual offences,Unable to prosecute suspect,0.95
dc2cfddcdcd8bc7bebba29243b826b691b9edb112e1ee19c0da2802706802db0,2019-05,-3.508085,50.710156,On or near Chaucer Avenue,Violence and sexual offences,Unable to prosecute suspect,0.95
e2e32de688a5f87f7d353761d4e825ded6d710d9a3365f9f77ed3a97ad6e1b97,2019-05,-3.506566,50.710499,On or near Milton Road,Other crime,Investigation complete; no suspect identified,0.95
,2019-06,-3.508085,50.710156,On or near Chaucer Avenue,Anti-social behaviour,,0.95
,2019-06,-3.506566,50.710499,On or near Milton Road,Anti-social behaviour,,0.95
b5e2437ca4dfc4caa67560eb1f7a93a7e486aeafb8e69974a4c096bd9c60fb7b,2019-06,-3.506566,50.710499,On or near Milton Road,Shoplifting,Investigation complete; no suspect identified,0.95
2824f84ebc405c1b8b010b9aa46211c1273be70b43e82c423f0431b31026a4fc,2019-06,-3.506566,50.710499,On or near Milton Road,Violence and sexual offences,Unable to prosecute suspect,0.95
8ff407944c1c376fa4701de3a9b226e1064c132ab80217cfd12d021b29a069fb,2019-06,-3.508085,50.710156,On or near Chaucer Avenue,Violence and sexual offences,Unable to prosecute suspect,0.95
380f38540a6df82a36e5b7dfa4adb0695ccf880756b340ed39309b0856ba3a6c,2019-07,-3.506566,50.710499,On or near Milton Road,Criminal damage and arson,Status update unavailable,0.95
384d2b024be5484485ad5d2d38d2906438db209467f70edc5add22fb2e2ee4e5,2019-07,-3.506566,50.710499,On or near Milton Road,Drugs,Unable to prosecute suspect,0.95
400c4d304cb20579501b08107d1710caf2cedfbf30dc2253e14e464345f2f5e6,2019-07,-3.506566,50.710499,On or near Milton Road,Public order,Status update unavailable,0.95
ca5b3cb0bd8201fbd2f0e08bf17ed882f156a090e721f76b0291dd05bb2d175e,2019-07,-3.508085,50.710156,On or near Chaucer Avenue,Violence and sexual offences,Unable to prosecute suspect,0.95
62d5c38a56a1ea035c4b6596a1da346a544aef3c32fb69bdd5e0c1b74ce20052,2019-07,-3.506566,50.710499,On or near Milton Road,Violence and sexual offences,Status update unavailable,0.95
4b5474f82d81a24aeebda03ad078ed6662103fc96c4ef244068c46caaf65acbf,2019-08,-3.508085,50.710156,On or near Chaucer Avenue,Criminal damage and arson,Local resolution,0.95
d4e41f9c18498bc9819f66340c83af814aac68d5112d552482ab71b7ad8d387c,2019-08,-3.506566,50.710499,On or near Milton Road,Other theft,Unable to prosecute suspect,0.95
8335dc73d6dc6176a917ecb98758ba942b410b0d5fb6c1769b9156bf8c7fb7d3,2019-08,-3.506566,50.710499,On or near Milton Road,Violence and sexual offences,Unable to prosecute suspect,0.95
1c7877a91b75d5ea0d73c8d7ff8b4e291e075aa52e887d124db0115e61dd4ade,2019-08,-3.506566,50.710499,On or near Milton Road,Violence and sexual offences,Unable to prosecute suspect,0.95
d4322377579a0c3c52653ef7f8ed50c768b86a9ee7f2062837fe624577b2759f,2019-08,-3.506566,50.710499,On or near Milton Road,Violence and sexual offences,Unable to prosecute suspect,0.95
73e4d34dc2099fabcac89bb916e63147a519effdb935231044036df56f27b447,2019-09,-3.508085,50.710156,On or near Chaucer Avenue,Burglary,Unable to prosecute suspect,0.95
2fd0930e04f1c39432b13565d74b60ecf11396efd35cc2a16080b6658956e7f6,2019-09,-3.506566,50.710499,On or near Milton Road,Drugs,Offender given a drugs possession warning,0.95
d5d9332a7b3c3a4a994404b99c20de171026d74c58e5513ed70fed7aa694c58c,2019-09,-3.506566,50.710499,On or near Milton Road,Public order,Unable to prosecute suspect,0.95
cbd147c41e8f9618672497a6beab2885bbf3aadf9a241b0213b6e7df9f0f9591,2019-09,-3.506566,50.710499,On or near Milton Road,Public order,Unable to prosecute suspect,0.95
4d5bf59d7efa14960b787e72a5f514dec812097b0ec9631dea2a336c0bf9d9ce,2019-09,-3.508085,50.710156,On or near Chaucer Avenue,Violence and sexual offences,Unable to prosecute suspect,0.95
016a28fb6c1acc5b554fd749b9a0b9d6edc369aa91aeac4b690d5cef0238d711,2019-09,-3.506566,50.710499,On or near Milton Road,Violence and sexual offences,Under investigation,0.95
,2019-10,-3.506566,50.710499,On or near Milton Road,Anti-social behaviour,,0.95
,2019-10,-3.508085,50.710156,On or near Chaucer Avenue,Anti-social behaviour,,0.95
72060dd60e909be85ca0e4f8380653927bb1f06fade6e84d98b67c39b8bbe6c6,2019-10,-3.508085,50.710156,On or near Chaucer Avenue,Criminal damage and arson,Under investigation,0.95
92e044d6b557243389fe82e0a3f63c877cb9086ecf10f2d99f60b007c04d6078,2019-10,-3.506566,50.710499,On or near Milton Road,Robbery,Under investigation,0.95
c6d4dd3953b4ee8f55d5840c50902eb8a5b6d7cfb33135b3a916d03296847b7c,2019-10,-3.508085,50.710156,On or near Chaucer Avenue,Violence and sexual offences,Under investigation,0.95
b4404fca972ffaaf7a4c5f785e4f01d2cd83876620b4cf8bba436e4d341b994c,2019-10,-3.506566,50.710499,On or near Milton Road,Violence and sexual offences,Under investigation,0.95
005f543c0dd797d9e3e5368a8678c1ae29c1a178c8550bec829bfba547ac5023,2019-10,-3.508085,50.710156,On or near Chaucer Avenue,Violence and sexual offences,Unable to prosecute suspect,0.95
,2019-11,-3.506566,50.710499,On or near Milton Road,Anti-social behaviour,,0.95
5b10d0ba1f7870a2760921299b19fd005450f892f196de8c982b8746f3e98dfb,2019-11,-3.506566,50.710499,On or near Milton Road,Criminal damage and arson,Under investigation,0.95
823d224e08aae5661fd97922e8d2231b11419a3e78818dfd3b647ac401916ae7,2019-11,-3.506566,50.710499,On or near Milton Road,Criminal damage and arson,Investigation complete; no suspect identified,0.95
64c009d9423fcf442606d45e577ee88fa8a8d3d9ac9eddaa1324249466116e48,2019-11,-3.506566,50.710499,On or near Milton Road,Criminal damage and arson,Unable to prosecute suspect,0.95
14212b9bfc799c0282cd951ce14a9b94890a85a8e91665b208df6b6f5c5b8eed,2019-11,-3.508085,50.710156,On or near Chaucer Avenue,Violence and sexual offences,Under investigation,0.95
,2019-12,-3.506566,50.710499,On or near Milton Road,Anti-social behaviour,,0.95
e7b5415680105594fa5e4d3ff8d3ae0cb112f38ebaa138b4234ad490448fde0e,2019-09,-3.510836,50.709391,On or near King Henry'S Road,Public order,Investigation complete; no suspect identified,0.971
0422c983fb6c250f8ed9bea7c3f0774d9ca0df1431c68d82e89b2ace31a202e9,2019-09,-3.510836,50.709391,On or near King Henry'S Road,Violence and sexual offences,Unable to prosecute suspect,0.971
2a8d64823639236562f7f2454ec40af25c5ca5bb6bb282507b74dc0adc2eb0ff,2019-09,-3.510836,50.709391,On or near King Henry'S Road,Violence and sexual offences,Under investigation,0.971
d09eed34ad24f99cfb23fa5173b4bf326b6973c296d15ac6c102c6f97113b905,2019-02,-3.503415,50.711178,On or near Lilac Road,Violence and sexual offences,Unable to prosecute suspect,0.989
7fc35b6607cda0a115216e15aa2cc795c2cba421f3c52c41265f3c15e1ad7015,2019-02,-3.503415,50.711178,On or near Lilac Road,Violence and sexual offences,Investigation complete; no suspect identified,0.989
8ffc774722de3f25b00f03374fdf2d00ba8bd17e6f79dfdc9f93ba0819810810,2019-02,-3.503415,50.711178,On or near Lilac Road,Violence and sexual offences,Awaiting court outcome,0.989
478d0fa00938b31e553861833bd56c96e66da11a5e3e0b32e6e7d7547de15cda,2019-02,-3.503415,50.711178,On or near Lilac Road,Violence and sexual offences,Awaiting court outcome,0.989
4f4d2cadaf51c6c05ee70a0e19e48986fdd69f2e4bd50e9062e6a2c6d2410589,2019-02,-3.503415,50.711178,On or near Lilac Road,Violence and sexual offences,Unable to prosecute suspect,0.989
,2019-03,-3.503415,50.711178,On or near Lilac Road,Anti-social behaviour,,0.989
acc0e2b94c9adffac0b7a5651dbefb61aa8c242a192dabba9ee07b12d56b63c3,2019-03,-3.503415,50.711178,On or near Lilac Road,Criminal damage and arson,Investigation complete; no suspect identified,0.989
ce1efd4c5e7baca1c83fd88becc0cc5b499c5459977893da204fce7afc70af54,2019-03,-3.503415,50.711178,On or near Lilac Road,Violence and sexual offences,Unable to prosecute suspect,0.989
e3b83302b4772a7329290f61161b08726a483307e11f18968c0f08a571aff87c,2019-04,-3.503415,50.711178,On or near Lilac Road,Violence and sexual offences,Investigation complete; no suspect identified,0.989
f73151333b2ee1cb11944de0be7783d5ed33612c0abad48d4d8990038981ef67,2019-04,-3.503415,50.711178,On or near Lilac Road,Violence and sexual offences,Unable to prosecute suspect,0.989
cd7ab32ad50614eaea8cb7bab8e92e21ce681c39bab89721b5b580d768650551,2019-05,-3.503415,50.711178,On or near Lilac Road,Criminal damage and arson,Investigation complete; no suspect identified,0.989
,2019-06,-3.503415,50.711178,On or near Lilac Road,Anti-social behaviour,,0.989
c998c6092bcda96bc4e0fae7dec8c3ea1023045809b2e5a939f64564839740fd,2019-06,-3.503415,50.711178,On or near Lilac Road,Violence and sexual offences,Unable to prosecute suspect,0.989
,2019-08,-3.503415,50.711178,On or near Lilac Road,Anti-social behaviour,,0.989
,2019-08,-3.503415,50.711178,On or near Lilac Road,Anti-social behaviour,,0.989
8ea1001b4f47c71c2c3f7c10d94291a5e9507d6fb14eb21d70ce951dbcfaf5eb,2019-10,-3.503415,50.711178,On or near Lilac Road,Violence and sexual offences,Unable to prosecute suspect,0.989
ca69194970747363d1e37ac119cad68490afa2ec163af9bfc2cee26827f62917,2019-05,-3.493693,50.695412,On or near Sports/Recreation Area,Theft from the person,Investigation complete; no suspect identified,0.998
,2019-11,-3.493693,50.695412,On or near Sports/Recreation Area,Anti-social behaviour,,0.998
